,Average_50,Average_100,Average_150,Average_200
Lasso_Non_Zero_Weights,17.599999999999998,23.0,30.199999999999996,31.4
