,Average_RMSE_50,Average_RMSE_100,Average_RMSE_150,Average_RMSE_200,Average_Runtime
OLS,14.990455761603803,12584961198934.3,17109070641718.09,14663016803472.818,0.025501841055080333
Lasso,14.120673962900195,14.066016213687737,13.760990886669385,13.957258021683,8.62193163870727
Lasso_Non_Zero_Weights,29.2,33.60000000000001,41.39999999999999,44.0,N/A
Ridge,13.741713202674385,13.998592559024775,14.03118904067907,14.579175194799044,0.283773648577482
